,Screen Name,Name,Tweet,HashTags,Favourites,Retweet Count,Time,Original_User,Retweeted
0,jk_rowling,J.K. Rowling,"@euanmccolm @chrisdeerin @Slowfinger45 @ropoem @almurray @thefatcops Happy Album Release Day, Cops xxxxxxxx",[],262,31,2019-03-01 11:08:46,N/A,N
1,jk_rowling,J.K. Rowling,"This week's column, on how when certain columnists and commentators berate working-class people for getting into debt buying 65"" flat-screen HD TVs, they don't understand a fucking thing: https://t.co/PKfFk5gfqw",[],0,534,2019-01-12 11:05:29,Caitlin Moran,Y
2,jk_rowling,J.K. Rowling,"@UnitedHayze @DavidTaylar @Vinny I remain #TeamDylan, but David‚Äôs #TeamVinny all the way.","['TeamDylan', 'TeamVinny']",101,7,2019-01-12 09:50:45,N/A,N
3,jk_rowling,J.K. Rowling,"""Dangerous and inflammatory talk about civil unrest and riots and treachery if we vote down this deal and have a people's vote... has to stop""

@JoStevensLabour holds back tears as she recalls Jo Cox's final moments during #Brexit debate

[tap to expand] https://t.co/E1cOJ67k17 https://t.co/BHg48ZBuC6",[],0,1351,2019-01-12 09:36:03,BBC Politics,Y
4,jk_rowling,J.K. Rowling,"""Why would a man who claims to have dedicated his life to fighting inequality commit himself so vehemently to a policy that will cause greater inequalities?"" https://t.co/d1CU21tqCH",[],0,802,2019-01-12 09:11:30,The New European,Y
5,jk_rowling,J.K. Rowling,@scalzi Bring stuff you can trade. Bolts of silk. Nylons.,[],1715,44,2019-01-11 19:32:55,N/A,N
6,jk_rowling,J.K. Rowling,@Vinny I need you to know that David screamed as loudly as you did when you won. #teamVinny  üëèüëèüëèüëèüëè,['teamVinny'],312,25,2019-01-11 19:30:20,N/A,N
7,jk_rowling,J.K. Rowling,"‚ÄúBlame us. Blame Westminster. Do not blame Brussels for our own country's mistakes and do not be angry at us for telling you the truth. Be angry at the chancers who sold you a lie.‚Äù

@DavidLammy says that voters were misled during the 2016 EU referendum.

#78DaysToBrexit https://t.co/GqaquO1irK",[],0,19787,2019-01-11 16:09:53,Channel 4 News,Y
8,jk_rowling,J.K. Rowling,"‚ÄòThe conclusion of populism is authoritarianism as its simple slogans can never survive contact with reality.‚Äô @NickCohen4 on the similarities between Corbynism and Trumpism.
https://t.co/rnQgYBWmHl",[],4195,986,2019-01-11 15:55:35,N/A,N
9,jk_rowling,J.K. Rowling,he's stroking that cock far too hard https://t.co/gibI7CwzVl,[],0,1200,2019-01-11 15:14:58,The Museum of English Rural Life,Y
10,JohnGrisham,John Grisham,"""The Broker"" is #18, published in 2005. Much of it is set in Italy, a country I adore. So I bit the bullet and did a lot of research there, resulting in a few extra pounds. Read an excerpt now &gt; https://t.co/R2XmTsI0Vo https://t.co/GmUbrgY6B3",[],217,23,2019-03-02 15:42:24,N/A,N
11,JohnGrisham,John Grisham,"#17 is ""The Last Juror,"" the second novel of mine published by @doubledaybooks in 2004. Read an excerpt now &gt; https://t.co/lY0qoei81J https://t.co/NdLRsPhnex",[],120,12,2019-02-26 16:12:15,N/A,N
12,JohnGrisham,John Grisham,"Happy to announce that the audiobook of THE TUMOR is now available for download. I‚Äôm pictured here in the studio recording the introduction to this story I wrote about the potential of focused ultrasound. @FUSFoundation
Go here to listen or download: https://t.co/8K1S9dQEcM https://t.co/77G69ivn3U",[],136,24,2019-02-25 14:49:32,N/A,N
13,JohnGrisham,John Grisham,"Canadian fans (or fans who plan to be in Canada), I am pleased to announce that I will be in Toronto on Feb 20 for an on-stage conversation with my fellow writer John Irving. This event is hosted by Ramsay Talks, and tickets are available here &gt; https://t.co/887QUB6QBu https://t.co/XHNA74Eug3",[],137,27,2019-01-14 20:14:37,N/A,N
14,JohnGrisham,John Grisham,"Exciting news! @ReadItForward has launched a Book Club! üòç Each month, they‚Äôll be featuring books that highlight diverse voices and stories. Join the conversation and get reading!
#ReadItForwardBookClub

https://t.co/paW7GWlNWW https://t.co/4vToMudCXQ",[],0,4,2019-01-14 19:36:11,Doubleday,Y
15,JohnGrisham,John Grisham,"Eric Kelley spent more than 20 years wrongfully incarcerated. After his release in April, he secured a union job at a Manhattan hotel and lives independently in New Jersey. Help more people like Eric secure freedom in 2019 by supporting @innocence today: https://t.co/lkDnLRcWSN https://t.co/6pvrMZaH0D",[],486,102,2018-12-29 14:03:46,N/A,N
16,JohnGrisham,John Grisham,"‚ÄúI would pass over a billion dollars for the love I have right now.‚Äù  ‚ÄìMalcolm Alexander, exonerated after 38 years in prison. Help more people like Malcolm experience love and happiness in 2019 by supporting @innocence today https://t.co/lkDnLRcWSN https://t.co/qhpA4rYPSo",[],412,94,2018-12-23 13:16:06,N/A,N
17,JohnGrisham,John Grisham,My holiday wish for readers everywhere. https://t.co/9nCHudicF0,[],570,94,2018-12-13 21:10:22,N/A,N
18,JohnGrisham,John Grisham,I‚Äôm excited to report that THE RECKONING was named one of Barnes &amp; Noble‚Äôs Best Books of 2018! Get it in stores and online at https://t.co/D7t3LUlpLK. Nobody knows books like B&amp;N! #BestBooksOf2018 #BNTheKnow https://t.co/8f6tRUpfTs,"['BestBooksOf2018', 'BNTheKnow']",305,36,2018-12-11 19:12:35,N/A,N
19,JohnGrisham,John Grisham,"@doubledaybooks published ""Bleachers"" in June of 2004.  It's about a lot more than football, as you might expect, and it's NOT a legal thriller.  Read the first chapter &gt; https://t.co/5EJWSSg7B8 https://t.co/Pve8uRqVqq",[],3,1,2018-12-11 13:51:32,N/A,N
20,khaledhosseini,Khaled Hosseini,"Honored to have signed this appeal. 

‚ÄúYou cannot have peace without inclusion.‚Äù

https://t.co/23VTPpfgRT",[],90,23,2019-03-01 21:52:03,N/A,N
21,khaledhosseini,Khaled Hosseini,"A big thanks to @isabelallende for hosting @RefugePt's Executive Director @SashaChanoff, @khaledhosseini, and Dave Eggers last week to discuss lasting solutions for #refugees and to celebrate @RefugePt in receiving the 2018 Espiritu Award from the Isabel Allende Foundation! https://t.co/wuJ1s4lt5M",[],0,16,2019-02-15 19:29:45,RefugePoint,Y
22,khaledhosseini,Khaled Hosseini,"Congrats to @CEPinSF and everyone involved with #AThousandSplendidSuns on winning the San Diego's Craig Noel Award for Outstanding Dramatic Production. A shoutout to all the other winners‚Äìgreat work! 
@ursularanisarma @khaledhosseini 
https://t.co/5P4JvIHY0P",['AThousandSplendidSuns'],0,4,2019-02-15 19:29:35,A.C.T. San Francisco,Y
23,khaledhosseini,Khaled Hosseini,"A HUGE congrats to the marvelous #AThousandSplendidSuns team! @ACTSanFrancisco...Outstanding Dramatic Production, Direction, and Lighting and Scenic Design! https://t.co/bXQ6BPFqgW",['AThousandSplendidSuns'],36,2,2019-02-14 16:50:23,N/A,N
24,khaledhosseini,Khaled Hosseini,"This #ValentinesDay, meet Um Murad, whose home in Syria was destroyed and her husband left paralysed. 

Rather than let the war break her, she became a matchmaker, preparing 700+ brides in Zaatari @refugees camp for their special day; now that‚Äôs spreading the love. https://t.co/ortCAZrv7S",['ValentinesDay'],489,107,2019-02-14 16:28:57,N/A,N
25,khaledhosseini,Khaled Hosseini,"Many thanks for sharing, @ZachSchermele. And thank you to @cbaroch! Teachers like you inspire me every single day. https://t.co/l9KYaY9zpM",[],194,28,2019-01-31 21:24:20,N/A,N
26,khaledhosseini,Khaled Hosseini,"Every year, refugees walk over 1 billion miles to reach safety. Join us and @khaledhosseini as we walk in solidarity to honour their strength. 

Make your steps count and #StepWithRefugees: https://t.co/VAgv1Zue7a https://t.co/QeYfUsXmwy",[],0,38,2019-01-29 19:50:38,"UNHCR, the UN Refugee Agency",Y
27,khaledhosseini,Khaled Hosseini,"I am thrilled to announce that I‚Äôll be attending Columbia University in New York City next fall! ü¶Å

I am beyond excited to begin this adventure, and so grateful to everyone who has been a part of my journey thus far. #Roar2023 https://t.co/RL3vMwPojS",[],0,5,2018-12-22 00:37:41,Haris Hosseini,Y
28,khaledhosseini,Khaled Hosseini,"Countries have reached a historic deal for refugees, committing to a more effective, fairer response. Learn more about the Global Compact on Refugees: https://t.co/NTLUhEKMxs",[],150,49,2018-12-20 16:15:28,N/A,N
29,khaledhosseini,Khaled Hosseini,"The Most #Inspiring Books of All Time, According to BookBub Readers
https://t.co/4wLcmBHhI1 @Malala @khaledhosseini @MitchAlbom @CherylStrayed @FrancineRivers @suemonkkidd  @GilbertLiz @jojomoyes https://t.co/qNifhGUMec",['Inspiring'],0,14,2018-12-20 16:13:53,BookBub,Y
30,camphalfblood,Rick Riordan,"FINALLY! Capt. Riordan of Her Majesty's Automaton Fusiliers was so outraged by this ""incendiary novel"" he closed the portal behind him w/a clockwork grenade! The multiverse appears safe, for now... SAL AND GABI comes out tomorrow! @WriteTeachPlay @DisneyBooks @BostonCostume https://t.co/VZvjUxWeOA",[],334,29,2019-03-04 18:16:04,N/A,N
31,camphalfblood,Rick Riordan,"THIS IS GETTING OUT OF HAND! @WriteTeachPlay, how do I close the multiverse portal? Now Rickagast the Purple is trying to use Sal and Gabi as a book of incantations! It's just a great novel, dude, not a spellbook! #rickriordanpresents @DisneyBooks @BostonCostume https://t.co/3Ijtc2j9nw",['rickriordanpresents'],468,41,2019-03-04 16:59:01,N/A,N
32,camphalfblood,Rick Riordan,"#2: Also in the pandaverse, but a much scarier one. Hoping #salandgabi skip this one! https://t.co/gtqqnnENjo",['salandgabi'],0,6,2019-03-04 16:21:31,Carlos Hernandez‚úçÔ∏èüéìüéÆ,Y
33,camphalfblood,Rick Riordan,Even alternate universe Rosh Twins can't wait for SAL AND GABI BREAK THE UNIVERSE. Too bad only one of them can read. https://t.co/V2mfNuCogS,[],0,10,2019-03-04 16:19:59,Roshani Chokshi Will Be Back in April,Y
34,camphalfblood,Rick Riordan,"#3: A universe in which I am entirely red, yet well-read! (Notice the @camphalfblood books in the background!) https://t.co/Kcs9y62Ox0",[],0,7,2019-03-04 16:19:53,Carlos Hernandez‚úçÔ∏èüéìüéÆ,Y
35,camphalfblood,Rick Riordan,"Attempt #2: Pulling Other Me from the Multiverse. Richard Riordanshire was shocked to learn that America is no longer a colony of the British Empire in SAL AND GABI! His knight friend was, too! #rickriordanpresents @DisneyBooks @WriteTeachPlay (special thanks to @BostonCostume!) https://t.co/Dw3iNf6bjD",['rickriordanpresents'],470,40,2019-03-04 15:13:58,N/A,N
36,camphalfblood,Rick Riordan,Alternate universe me! So chill. So relaxed. SO...reading upside down? In this universe I read backwards so I guess this makes sense. And this book? Is going to turn YOUR world upside down. #rickriordanpresents @DisneyBooks @WriteTeachPlay https://t.co/6iKvDtPpOw,[],0,14,2019-03-04 14:59:40,Jen/J.C. Cervantes,Y
37,camphalfblood,Rick Riordan,"Whelp, I pulled Other Me from another universe and this is what I got: Rickus Riordanus wasn't sure what to make of SAL AND GABI, but he's pretty sure it isn't in Latin. @DisneyBooks @writeteachplay #RickRiordanPresents (special thanks to @BostonCostume!) I should try again... https://t.co/YhgtjcrZw7",['RickRiordanPresents'],935,83,2019-03-04 13:16:51,N/A,N
38,camphalfblood,Rick Riordan,"My chicken and I both loved SAL AND GABI BREAK THE UNIVERSE so much, tomorrow I'm going to start pulling alternative Ricks out of the multiverse to share the book!! @DisneyBooks @writeteachplay #RickRiordanPresents Stay tuned &amp; be sure to grab a copy for yourself and your alts! https://t.co/SdbXfn4aQv",['RickRiordanPresents'],579,37,2019-03-03 22:13:27,N/A,N
39,camphalfblood,Rick Riordan,"Affirming representation matters. For those who think the pendulum has swung too far with regards to equitable inclusion of affirming images and perspectives of People of Color, take a look. Is it really ""too much,"" and for whom? https://t.co/6S1i1cQBSH",[],0,952,2019-03-03 18:25:25,Rebecca Ïù¥ÏùÄÎØ∏ Haslam,Y
40,AuthorDanBrown,Dan Brown,https://t.co/qNvOv7bkWY,[],628,116,2019-02-20 14:20:56,N/A,N
41,AuthorDanBrown,Dan Brown,https://t.co/9mHSpwXV2v,[],1072,303,2019-02-13 14:11:27,N/A,N
42,AuthorDanBrown,Dan Brown,"Enjoyed talking to @CBSThisMorning about writing, teaching, and my new @masterclass: https://t.co/UldQTwj2m9 https://t.co/eIaTVFpMie",[],223,38,2018-11-02 13:18:32,N/A,N
43,AuthorDanBrown,Dan Brown,"Excited to share my first-ever MasterClass. I hope it will inspire in you a passion for the writing process as well as the confidence to create a story that is distinctly your own. And with luck, we might just have some fun along the way. Learn more at: https://t.co/GFzqG8ZDgr https://t.co/e2JWoZ9veH",[],1010,253,2018-11-01 13:03:42,N/A,N
44,AuthorDanBrown,Dan Brown,Tune in today at 8:00AM EST to see Dan on @CBSThisMorning https://t.co/eCgR75LRjP,[],113,11,2018-11-01 11:02:27,N/A,N
45,AuthorDanBrown,Dan Brown,"Are you heading to New York Comic Con this weekend? Head to the Knopf Doubleday booth (2204-J) and say ‚ÄúRobert Langdon said to stop by‚Äù to receive a signed copy of The Da Vinci Code, The Lost Symbol, or Inferno! #NYCC @NY_Comic_Con @AuthorDanBrown https://t.co/EnGgzKCkCW",[],0,21,2018-10-04 19:44:25,Vintage/Anchor Books,Y
46,AuthorDanBrown,Dan Brown,"In celebration of @PBS's  The Great American Read hitting the 2 million vote mark, PBS‚Äã just revealed the current 40 books leading the pack‚Äîincluding THE DA VINCI CODE! We are thrilled to congratulate @AuthorDanBrown on this honor. You can still vote here: https://t.co/53kKiPqe9v https://t.co/tfCmPQEdTc",[],0,32,2018-08-21 14:20:20,Vintage/Anchor Books,Y
47,AuthorDanBrown,Dan Brown,Thank you to all of my readers for your exceptional support. ‚Äì DB https://t.co/likCKJdarv,[],1589,282,2018-08-14 21:00:51,N/A,N
48,AuthorDanBrown,Dan Brown,"GIVEAWAY! Enter for your chance to win signed copies of THE DA VINCI CODE, THE LOST SYMBOL, INFERNO (all recently reprinted), and ORIGIN (now in paperback)! via @vintageanchor
No purch. nec. 18+ US Only Ends Aug 30. Rules: https://t.co/FMvkshOWai https://t.co/gzAeqYz9Ee",[],510,100,2018-08-10 19:30:22,N/A,N
49,AuthorDanBrown,Dan Brown,"Dan Brown unveils striking, mysterious new covers for his biggest books https://t.co/zdl34M2pc0",[],0,61,2018-08-10 14:58:25,Entertainment Weekly,Y
50,AnnBrashares,Ann Brashares,@nikkigrimes9 @will__weaver @MarcAronson1 @mattdelapena It was! I miss you all too. We should have a NBA judge reunion,[],2,0,2019-01-31 15:30:17,N/A,N
51,AnnBrashares,Ann Brashares,@babsamiga @BradMaurer @AmericaFerrera @blakelively @ambertamblyn @alexisbledel ;),[],1,0,2019-01-16 04:22:07,N/A,N
52,AnnBrashares,Ann Brashares,YOU GUYS!!! I'm SO excited to announce that I will be writing the Sisterhood of the Traveling Pants MUSICAL!!!! That nobody asked me to write. I can't wait to not work with @AnnBrashares @AmericaFerrera @blakelively @ambertamblyn @alexisbledel!!! THIS IS A DREAM COME TRUE. https://t.co/mN0etRi6nk,[],0,4,2019-01-16 01:57:58,Barbara Kaye Friend,Y
53,AnnBrashares,Ann Brashares,'The Sisterhood of the Traveling Pants' stage musical in the works https://t.co/4anWIKBeMK https://t.co/KG6nBPIQeD,[],0,26,2018-07-18 12:01:30,Hollywood Reporter,Y
54,AnnBrashares,Ann Brashares,@sarahburnes Still crying over this one,[],1,0,2018-06-14 01:25:53,N/A,N
55,AnnBrashares,Ann Brashares,That‚Äôs my brother! Congratulations @benbrashares https://t.co/cenjrZqOR9,[],12,1,2018-05-10 15:50:54,N/A,N
56,AnnBrashares,Ann Brashares,@pink123bex I am so glad! Thank you for letting me know!,[],0,0,2018-03-14 01:36:22,N/A,N
57,AnnBrashares,Ann Brashares,"@pink123bex Yes, I think you should try. I hope by the end it will be worth it. But let me know.",[],0,0,2018-03-13 01:13:03,N/A,N
58,AnnBrashares,Ann Brashares,So excited to help my friend Hilary launch her beautiful book tomorrow at Books of Wonder https://t.co/Sugw9QenHp,[],8,1,2017-11-15 22:44:20,N/A,N
59,AnnBrashares,Ann Brashares,'The 17 Best Young Adult Novels of 2017' from @popsugarau featuring some of our faves including @Marie_Lu @sarahdessen @AnnBrashares @emily_barr and more! https://t.co/OunVsBdtS6 https://t.co/Lqcy7f7JWt,[],0,10,2017-11-09 02:47:57,PenguinTeenAus,Y
60,NicholasSparks,Nicholas Sparks,Excited that my novels #EveryBreath and #TheWedding are featured in @BNBuzz‚Äôs #BookHaul Blowout! Be sure to get your copies before the #BNBookHaul ends on Monday: https://t.co/7xPr2PGT9z https://t.co/ZISqy9JszR,"['EveryBreath', 'TheWedding', 'BookHaul', 'BNBookHaul']",287,34,2019-03-02 17:30:42,N/A,N
61,NicholasSparks,Nicholas Sparks,"Sat down this morning with incredible fellow author @AngieCThomas to talk about our Spring reading selections with @TODAYshow, including my picks from @TJenkinsReid, @AlexMichaelides and more! ICYMI: https://t.co/BZWAueEmuS https://t.co/SRfBb7aNCv",[],141,18,2019-02-27 17:51:53,N/A,N
62,NicholasSparks,Nicholas Sparks,"‚ÄúStaring at the stars was like staring backward in time, since some stars are so far away that their light takes millions of years just to reach us.‚Äù - Gabby

Happy Birthday to the lovely @TeresaPalmer! #TheChoice https://t.co/SrDuvHFYJk",['TheChoice'],781,95,2019-02-26 22:49:22,N/A,N
63,NicholasSparks,Nicholas Sparks,It‚Äôll never be over... #FBF to this iconic moment from #TheNotebook! https://t.co/ZeEwTvxTFt,"['FBF', 'TheNotebook']",221,26,2019-02-22 23:42:55,N/A,N
64,NicholasSparks,Nicholas Sparks,"‚ÄúYou Waited for Me‚Äù

We‚Äôve been receiving some truly inspiring, heartfelt, and even heartbreaking letters in our #EveryBreath digital mailbox. I hope you‚Äôll check them out and submit your own before it closes soon! https://t.co/dcyYHSn1BN https://t.co/jEHkS7NvwG",['EveryBreath'],358,73,2019-02-20 16:30:59,N/A,N
65,NicholasSparks,Nicholas Sparks,THE CHOICE by @NicholasSparks is only $2.99 today in ebook format! If you loved the movie it's time to read the novel that inspired it ‚Äî&gt; https://t.co/WrWuFoDfAL https://t.co/IYvC1RWRwc,[],0,11,2019-02-18 05:59:30,Grand Central Pub,Y
66,NicholasSparks,Nicholas Sparks,Congrats to @LifeAsAdrianna for winning the letter and journal! Be on the lookout for a message from my team.,[],124,3,2019-02-16 17:08:15,N/A,N
67,NicholasSparks,Nicholas Sparks,Happy #ValentinesDay! @ETCanada just ranked our onscreen couples to help you pick a #Valentines movie! Which is your favorite pair? https://t.co/pV8zdv2KLl https://t.co/91Z9Jl0uJG,"['ValentinesDay', 'Valentines']",1034,166,2019-02-14 16:56:51,N/A,N
68,NicholasSparks,Nicholas Sparks,"Whether you're celebrating #GalentinesDay or #ValentinesDay or both, I‚Äôve got a special giveaway for you! We recreated the letters sent by Tru to Hope and Joe to Lena in #EveryBreath and I‚Äôve signed them for you guys. RT now for a chance to win one, along with a custom journal! https://t.co/JyYrm26Ln3","['GalentinesDay', 'ValentinesDay', 'EveryBreath']",1001,852,2019-02-13 21:22:21,N/A,N
69,NicholasSparks,Nicholas Sparks,"In honor of #FBF, let‚Äôs take a trip down memory lane. What was YOUR most memorable date? https://t.co/WzbSFW8FjF",['FBF'],1192,87,2019-02-08 18:48:42,N/A,N
70,StephenKing,Stephen King,"Luke Perry dead at 52? Oh man, that's so wrong and so sad. Condolences to family, friends, and fans all over this round world. :-(",[],11401,1265,2019-03-04 19:55:44,N/A,N
71,StephenKing,Stephen King,Fred Schneider voice: https://t.co/PGxlrAZPBb,[],0,259,2019-03-04 03:34:48,Patton Oswalt,Y
72,StephenKing,Stephen King,This is so fucking odd. https://t.co/M3ElQgKb7i,[],18856,1590,2019-03-03 16:17:39,N/A,N
73,StephenKing,Stephen King,"Trump‚Äôs CPAC speech recalls those made by Fidel Castro and Nikita Khrushchev. Rambling,disconnected, profane, inflammatory, full of lies.",[],35342,7915,2019-03-02 23:40:00,N/A,N
74,StephenKing,Stephen King,@CurleyOwl Eloi. Or possibly the Children of the Damned.,[],46,0,2019-03-02 17:14:41,N/A,N
75,StephenKing,Stephen King,"Just checked the guide.
FORBIDDEN PLANET is next.
Fuck work.",[],17645,1085,2019-03-02 16:43:57,N/A,N
76,StephenKing,Stephen King,The Morlocks are eating the Eloi!,[],2613,176,2019-03-02 16:42:33,N/A,N
77,StephenKing,Stephen King,It‚Äôs Science Fiction Saturday on TCM!how am I supposed to work?,[],9892,697,2019-03-02 16:40:29,N/A,N
78,StephenKing,Stephen King,Bosch is back! (Almost.) https://t.co/t8COyrQb83,[],3393,357,2019-02-28 20:45:13,N/A,N
79,StephenKing,Stephen King,"I appreciate a good director as much as the next person, but there aren't many whose work I instantly recognize. I wasn't far into #Homecoming on #AmazonPrimeVideo before I knew it was directed by Sam Esmail (#MrRobot).",[],0,28,2019-02-28 20:44:38,Bev Vincent,Y
80,jodipicoult,Jodi Picoult,This is a nice start to the week: https://t.co/9GzMmyBvJT,[],30,3,2019-03-04 14:04:15,N/A,N
81,jodipicoult,Jodi Picoult,@angiecthomas OR...IS IT?!?!,[],22,0,2019-03-04 02:01:47,N/A,N
82,jodipicoult,Jodi Picoult,@DrJenGunter Thank you for writing it. I have a LOT of emails from people telling me I‚Äôm a monster for supporting ‚Äúlate-term abortion.‚Äù,[],5,1,2019-03-03 19:06:56,N/A,N
83,jodipicoult,Jodi Picoult,"Happy Sunday, ‚Å¶@BCDreyer‚Å©!Take That, AP Style! Court of Law Rules The Oxford Comma Necessary https://t.co/PpEIkylq02",[],143,18,2019-03-03 18:46:03,N/A,N
84,jodipicoult,Jodi Picoult,"Read. This. Now. //How to respond to a question about ‚Äúlate-term abortion,‚Äù a procedure that doesn‚Äôt exist ‚Äì ‚Å¶@DrJenGunter‚Å©  https://t.co/xiHIB3brLS",[],358,141,2019-03-03 18:35:09,N/A,N
85,jodipicoult,Jodi Picoult,@BCDreyer I snorted out loud at this.,[],2,0,2019-03-03 18:29:09,N/A,N
86,jodipicoult,Jodi Picoult,@BrigidKemmerer Jodi the Tavern Owner apologizes for the menu.,[],2,0,2019-03-03 18:09:03,N/A,N
87,jodipicoult,Jodi Picoult,@MelissaAReed Happy birthday!,[],1,0,2019-03-03 17:35:57,N/A,N
88,jodipicoult,Jodi Picoult,"@rjschr128 Oh, Robin.  I am so sorry that you can't see the other side here.  Perhaps one day you will.",[],0,0,2019-03-03 13:34:49,N/A,N
89,jodipicoult,Jodi Picoult,@andersonala45 Just wait. :),[],1,0,2019-03-03 13:33:38,N/A,N
90,JP_Books,James Patterson,"Vice raises the issue of how can a smart movie still be a mess. The acting was terrific. Christian Bale was stunning. I like that Adam McKay made Cheney a complicated human being instead of a comic book character.

On the other hand, the movie was all over the place, just a mess. https://t.co/NBNgkVUHe8",[],3,0,2019-03-04 16:19:36,N/A,N
91,JP_Books,James Patterson,This is probably my favorite stack @JP_Books https://t.co/y0fKUhWuZE,[],0,11,2019-03-03 15:09:48,üìöJeannieüìö,Y
92,JP_Books,James Patterson,Great job! A+ in my book. https://t.co/TRKOVtxNxc,[],39,2,2019-03-01 17:58:01,N/A,N
93,JP_Books,James Patterson,"Happy #ReadAcrossAmericaDay, how will you make a difference in a young reader's life? https://t.co/HaFmeP77Lm",['ReadAcrossAmericaDay'],211,83,2019-03-01 17:44:30,N/A,N
94,JP_Books,James Patterson,"#BNbookhaul is just getting started! Fill your shelves, your tables, and your classrooms with 50% off over 400 titles. These prices only last until Monday and supplies are limited!
#Itsnothoardingifitsbooks  #bookstagram #BNBuzz #Sale #BNJordancreek https://t.co/t6nAuQJZHc",['BNbookhaul'],0,5,2019-03-01 17:20:57,BNJordanCreek,Y
95,JP_Books,James Patterson,This one really surprised me. It might be the best dystopian flick since Hunger Games ‚Äì until it kind of crashes in the last five minutes. https://t.co/H8m2DiiaaY,[],13,5,2019-03-01 17:08:46,N/A,N
96,JP_Books,James Patterson,Ever wonder how one of the most successful authors doesn‚Äôt get writer‚Äôs block? @JP_Books reveals his method to crafting so many books. Listen to my full conversation with the author on my new podcast @POPBPodcast ‚Äî&gt; https://t.co/yjQbHrqYdn @FLPodcastNet @PBStateCollege https://t.co/z6Qfrw1puv,[],0,9,2019-03-01 16:48:35,Suzanne Boyd,Y
97,JP_Books,James Patterson,"I can't wait to present this book later this month. A bold take on the Arthurian Legend unlike anything I had seen before. 

I knew we HAD to publish this soon-to-be young adult hit, don't miss out! https://t.co/72HdsguR3e",[],14,4,2019-03-01 16:06:59,N/A,N
98,JP_Books,James Patterson,Get 50% off TONS of my best titles today online and at your local @BNBuzz! https://t.co/MYZehDvxkJ,[],14,3,2019-02-28 21:27:21,N/A,N
99,JP_Books,James Patterson,üí•GIVEAWAY TIME!üí• I have extra copies of the UK hardcover edition of GIRLS OF PAPER AND FIRE to pass on to five readers. I'll also throw in a random MG or YA ARC of a @jimmy_books title publishing this year. Retweet and follow for a chance to win! Ends 3/8.,[],0,186,2019-02-28 15:04:18,Jenny Bak üìöü¶îüìöü¶î,Y
100,harukimurakami_,Haruki Murakami,"Novelists are limited in what we can do, but it is possible for us to fight such forces in the form of storytelling.",[],1122,323,2017-07-21 08:06:15,N/A,N
101,harukimurakami_,Haruki Murakami,One day at a time.,[],2207,1668,2015-11-17 23:41:31,N/A,N
102,harukimurakami_,Haruki Murakami,The people who don't think are the ones who never listen.,[],3488,3722,2014-04-24 06:47:21,N/A,N
103,harukimurakami_,Haruki Murakami,"If you only read the books that everyone else is reading, you can only think what everyone else is thinking.",[],8233,12096,2013-04-05 00:22:09,N/A,N
104,harukimurakami_,Haruki Murakami,Ë®ìÁ∑¥„Çí‰ªã„Åï„Å™„ÅÑÊ•Ω„Åó„Åø„Å®„ÅØÊú¨Ë≥™ÁöÑ„Å´ÈÄÄÂ±à„Å™„ÇÇ„ÅÆ„Å†„ÄÇÊú¨Ë≥™ÁöÑ„Å´ÈÄÄÂ±à„Åß„Å™„ÅÑ„ÇÇ„ÅÆ„ÅÆÊ•Ω„Åó„Åø„Å®„ÅØ„ÄÅË®ìÁ∑¥„Å´„Çà„Å£„Å¶Âæó„Çâ„Çå„Çã„ÄÇ,[],506,557,2013-02-24 07:34:43,N/A,N
105,harukimurakami_,Haruki Murakami,Êàë„ÄÖ„ÅØ„Åü„Å®„ÅàË©±„ÅôË®ÄËëâ„ÅåÈÅï„Å£„Å¶„ÇÇ„ÄÅÂü∫Êú¨ÁöÑ„Å´„ÅØÊÑüÊÉÖ„ÇÑÊÑüÂãï„ÇíÂÖ±Êúâ„Åó„ÅÇ„Åà„Çã‰∫∫ÈñìÂêåÂ£´„Å™„ÅÆ„Å†„ÄÇ,[],309,368,2013-02-03 21:56:43,N/A,N
106,harukimurakami_,Haruki Murakami,I am worrying about my country. I feel I have a responsibility as a novelist to do something.,[],973,618,2013-02-03 09:50:28,N/A,N
107,harukimurakami_,Haruki Murakami,Âºï„ÅçÂèó„Åë„Å¶„ÇÇ„Çâ„Åà„Çã„Å®„Åì„Çç„Åå„ÅÇ„Çã„ÅÆ„Å£„Å¶„ÅÑ„ÅÑ„Åß„Åô„Çà„ÄÇ„Åù„Çå„Åå„Å™„Åã„Å£„Åü„ÇâÊïë„ÅÑ„Åå„Å™„ÅÑ„Å™„ÄÇ„Åä‰∫í„ÅÑ„Å´Âºï„ÅçÂèó„ÅëÂêà„Åà„Çã„ÅÆ„ÅåÁµêÂ©ö„ÅÆ„Çà„ÅÑ„Å®„Åì„Çç„ÄÇ,[],285,298,2012-12-31 01:32:22,N/A,N
108,harukimurakami_,Haruki Murakami,„Åã„Å™„ÇäÁ¢∫‰ø°„ÇíÊåÅ„Å£„Å¶ÊÄù„ÅÜ„Çì„Å†„Åë„Å©„ÄÅ‰∏ñ„ÅÆ‰∏≠„Åß‰Ωï„Åå„ÅÑ„Å°„Å∞„Çì‰∫∫„ÇíÊ∑±„ÅèÊêç„Å™„ÅÜ„Åã„Å®„ÅÑ„ÅÜ„Å®„ÄÅ„Åù„Çå„ÅØË¶ãÂΩìÈÅï„ÅÑ„Å™Ë§í„ÇÅÊñπ„Çí„Åï„Çå„Çã„Åì„Å®„Å†„ÄÇ„Åù„ÅÜ„ÅÑ„ÅÜË§í„ÇÅÊñπ„Çí„Åï„Çå„Å¶ÈßÑÁõÆ„Å´„Å™„Å£„Å¶„ÅÑ„Å£„Åü‰∫∫„Çí„Åü„Åè„Åï„ÇìË¶ã„Å¶„Åç„Åü„ÄÇ,[],626,757,2012-12-09 13:46:30,N/A,N
109,harukimurakami_,Haruki Murakami,‰∫∫Áîü„ÅØ‰∫∫„ÅÆ‰∫ãÊÉÖ„Å´„ÅØ„Åä„Åã„Åæ„ÅÑ„Å™„ÅèÂãùÊâã„Å´ÊµÅ„Çå„Å¶„ÅÑ„Åè„ÄÇ,[],271,365,2012-12-08 05:00:25,N/A,N
110,sarahdessen,sarahdessen,"I‚Äôm not surprised to see this loss hitting YA twitter hard. I‚Äôm just one of a generation of writers who have basically been writing Luke Perry fan fiction for a decade. 

Our genre and our world are better for us having known him.",[],0,3,2019-03-04 20:23:41,Ally Carter,Y
111,sarahdessen,sarahdessen,@sherylritchie Wow!,[],0,0,2019-03-04 19:18:27,N/A,N
112,sarahdessen,sarahdessen,This is such a nice thread. https://t.co/QGaD9ccJJ1,[],36,4,2019-03-04 19:17:13,N/A,N
113,sarahdessen,sarahdessen,@fuggirls Such a nice tribute.,[],5,0,2019-03-04 19:14:04,N/A,N
114,sarahdessen,sarahdessen,I wrote a little bit about Dylan McKay. https://t.co/XXnJp2dglK,[],0,101,2019-03-04 19:13:47,Heather & Jessica,Y
115,sarahdessen,sarahdessen,"This is one of my most prized possessions, a gift from my friend Courtney. Dylan was my favorite and I was OBSESSED with Luke Perry. Today is heartbreaking. Rest In Peace. https://t.co/rHXMjyFFO8",[],279,9,2019-03-04 18:52:45,N/A,N
116,sarahdessen,sarahdessen,"@yashar He transcended borders! Also I have a Dylan McKay doll, STILL IN THE BOX. A treasured gift. I'm going to cry now.",[],4,0,2019-03-04 18:07:54,N/A,N
117,sarahdessen,sarahdessen,"@fuggirls The best episode, although it's so hard to pick.",[],5,0,2019-03-04 18:05:05,N/A,N
118,sarahdessen,sarahdessen,https://t.co/2wfCAGV6Pm,[],0,396,2019-03-04 18:04:55,Heather & Jessica,Y
119,sarahdessen,sarahdessen,"If I have a PhD in anything, it's #90210. I love that it existed for me as a teenager and kept existing for me in syndication well into adulthood. On 9/11, the only reason I turned on the TV ‚Äì and found out about the tragedy ‚Äì was b/c it was time for back-to-back Ninerson FX. üíî",[],0,2,2019-03-04 18:04:42,Courtney Mitchell,Y
120,jasperfforde,Jasper Fforde,A Brilliantly Funny and Slightly Bonkers New Novel From Jasper Fforde https://t.co/zSwTNI4leJ,[],0,3,2019-03-04 14:13:26,Mari Fforde,Y
121,jasperfforde,Jasper Fforde,@bskye7 @DP_Greene Really? It just so happens...,[],3,0,2019-03-02 01:37:50,N/A,N
122,jasperfforde,Jasper Fforde,"@DP_Greene All on my website FAQ, Dave! (A standalone about rabbits, DS-4 and then ... (drum roll) SoG-2.  I think. We‚Äôll see. Perhaps)",[],45,0,2019-03-01 21:56:12,N/A,N
123,jasperfforde,Jasper Fforde,@BeckyMacKinnon I hope so too. I don‚Äôt think I‚Äôve ever been to Indiana..,[],0,0,2019-02-26 21:03:16,N/A,N
124,jasperfforde,Jasper Fforde,"Carpet Highlights of the Americas 349: 3rd floor elevator lobby, Kimpton Alexis, Seattle. A modernist carpet to end my 2019 US Early Riser tour. Many thanks to everyone who came to‚Ä¶ https://t.co/qJkMsgmzdK",[],19,1,2019-02-26 16:06:21,N/A,N
125,jasperfforde,Jasper Fforde,"Literature Wales‚Äô Mentoring Scheme for Writers offers support and practical advice to writers, to develop specific work in progress to a publishable standard. Find out more about the scheme and other Writer Development opportunities here: https://t.co/tVUpHnV2hi https://t.co/MyDbY5k7tj",[],0,1,2019-02-26 14:15:28,Literature Wales,Y
126,jasperfforde,Jasper Fforde,"Thank you Seattle for such a warm welcome. You do good bridge troll, too. #visitseattle Next and last stop, San Fran and Rakestrawbooks, 25th Feb #rakestrawbooks @rakestrawbooks https://t.co/HSluRvpHiv","['visitseattle', 'rakestrawbooks']",24,0,2019-02-25 14:17:48,N/A,N
127,jasperfforde,Jasper Fforde,"Programme coming together nicely - some great events at #llandeilo #Litfest https://t.co/V9hMn6VwCy
https://t.co/K4ruG9KiK7 @JonCrayford @lodeslan @jasperfforde @yomadene @ginhausdeli @TaffyWusAThief @noeljamescomic @LitWales @parthianbooks @rlloydpr https://t.co/NhzJnLo4nf","['llandeilo', 'Litfest']",0,6,2019-02-25 14:02:36,LlandeiloLitFest,Y
128,jasperfforde,Jasper Fforde,"The names Jennifer Strange, Tiger Prawns and a Quark beast were enough to draw me into the weird and wonderful plot of The Last Dragonslayer by @jasperfforde It's my tenth and final book review of @emiratesLitfest authors. https://t.co/DHYWZHAexj
 @ELFDubai #scifi @mbrcLibraries",[],0,2,2019-02-25 14:02:19,Kathy Hoopmann,Y
129,jasperfforde,Jasper Fforde,"JONATHAN CRAYFORD AND JASPER FFORDE: Back to the Future, a new novelist meets an old hand in the futuristic genreSgwrs rhwng hen law yn y byd ysgrifenn @JonCrayford @jasperfforde Sat, April 27 7:00 PM ‚Äì 8:00 PM Horeb Chapel, Cawdor Hotel, Llandeilo https://t.co/xlB7Kvlzcg https://t.co/nkIUtLnBkH",[],0,2,2019-02-25 14:02:05,LlandeiloLitFest,Y
130,Tracy_Chevalier,Tracy Chevalier,@jo9ty @goodreads I am chuckling at my autocorrect. Anning = Annunciation!,[],1,0,2019-03-03 09:10:54,N/A,N
131,Tracy_Chevalier,Tracy Chevalier,"This is THE BEST.
 https://t.co/5AgqM1hwDs",[],9,2,2019-03-02 16:08:52,N/A,N
132,Tracy_Chevalier,Tracy Chevalier,@jo9ty @goodreads I'm afraid the Mary Annunciation film being made now is not of Remarkable Creatures. Just sayin'...,[],0,0,2019-03-02 11:08:00,N/A,N
133,Tracy_Chevalier,Tracy Chevalier,@ronnabloom Ha ha! I hope there are no beige recipes in there!,[],1,0,2019-02-28 22:34:29,N/A,N
134,Tracy_Chevalier,Tracy Chevalier,If you haven't got a copy already... https://t.co/ytbRybrGIa,[],9,1,2019-02-28 12:42:08,N/A,N
135,Tracy_Chevalier,Tracy Chevalier,"@Adriana_TA Totally torn between Roma and The Favourite, with a secret love for Gaga and Star...",[],2,0,2019-02-24 19:30:44,N/A,N
136,Tracy_Chevalier,Tracy Chevalier,Gettin' ready for #Oscars with annual themed cupcakes. And in the Best Picture category... https://t.co/ALW1AkVJ4t,['Oscars'],18,0,2019-02-24 19:18:35,N/A,N
137,Tracy_Chevalier,Tracy Chevalier,@ronnabloom I inhaled this book as a child!!,[],2,0,2019-02-24 19:17:09,N/A,N
138,Tracy_Chevalier,Tracy Chevalier,@ronnabloom @DavidWalk3 Actually @DavidWalk3 is a different David but good friends with DY and can pass on the message!,[],0,0,2019-02-23 15:29:05,N/A,N
139,Tracy_Chevalier,Tracy Chevalier,"@ronnabloom David Young was my professor at Oberlin. Look, @DavidWalk3 !",[],1,0,2019-02-23 15:05:38,N/A,N
140,Carl_Hiaasen,Carl Hiaasen,"Report: Trump has a loyalty scale for Fox News hosts https://t.co/RNqTvOwOYj
#LeastShockingHeadlines",['LeastShockingHeadlines'],25,6,2019-03-04 18:32:51,N/A,N
141,Carl_Hiaasen,Carl Hiaasen,‚ÄòFlorida is just full of weirdos.‚Äô Team picks the wackiest Florida Man story of all https://t.co/enfouySixQ,[],71,18,2019-03-03 16:34:40,N/A,N
142,Carl_Hiaasen,Carl Hiaasen,"When it comes to sex, men‚Äôs ‚Äòstupid‚Äô gene is old and enduring https://t.co/2kkRPsQIjY",[],151,33,2019-03-01 22:29:21,N/A,N
143,Carl_Hiaasen,Carl Hiaasen,"Matt Gaetz, who is Florida Man personified in Congress, is in big trouble now. https://t.co/NYhPyUvpLl",[],168,48,2019-03-01 19:03:00,N/A,N
144,Carl_Hiaasen,Carl Hiaasen,"Florida Bar investigating Rep. Matt Gaetz‚Äôs social media comments about Michael Cohen https://t.co/KBJfyr8k0j

The razor-sharp legal musings of Matt Gaetz, ""witness tester""
 #expelledfromMensa",['expelledfromMensa'],90,17,2019-02-27 22:33:57,N/A,N
145,Carl_Hiaasen,Carl Hiaasen,Sign at Florida barbecue joint https://t.co/T6kbT3dIky,[],1985,496,2019-02-25 17:21:33,N/A,N
146,Carl_Hiaasen,Carl Hiaasen,"‚ÄòThe Monsters Are the Men‚Äô: Inside a Thriving Sex Trafficking Trade in Florida https://t.co/8q6GHc5Z2l
It's not a giggly TMZ story. It's a harrowing story of 21st century sex slavery that wouldn't exist without the johns, chauffeured or otherwise",[],150,72,2019-02-24 17:38:39,N/A,N
147,Carl_Hiaasen,Carl Hiaasen,Pope Francis must confront parishioners‚Äô pain ‚Äî and the priests who inflict it ‚Äî with resolve https://t.co/O4OTtmeQcD,[],45,10,2019-02-22 20:34:46,N/A,N
148,Carl_Hiaasen,Carl Hiaasen,"Jussie Smollett Won‚Äôt Be on Final Episodes of ‚ÄòEmpire‚Äô Season https://t.co/FA8wPfED6z
How many minutes until he gets his own reality show?",[],37,2,2019-02-22 16:41:36,N/A,N
149,Carl_Hiaasen,Carl Hiaasen,"Watch a gator vs. python do battle at Shark Valley. And the winner is ... https://t.co/jDGdJZJBHC

Python linguini",[],51,11,2019-02-20 17:07:50,N/A,N
150,davidbaldacci,David Baldacci,"Don't forget to visit Barnes &amp; Noble in stores or online this weekend to get bestsellers and new releases by authors like @NicholasSparks, @davidbaldacci, @bradmeltzer, &amp; @Connellybooks for 50% off! Learn more at https://t.co/OHQoWNhfRg 
#BNBookHaul https://t.co/G3ZEV91Zy9",[],0,7,2019-03-02 21:22:07,Grand Central Pub,Y
151,davidbaldacci,David Baldacci,"Now available in ebook for $2.99 (through 3/15/19): THE FINISHER, the first book in my #vegajane series. Read an excerpt and download a copy here: https://t.co/h0D2F0z2T0.  @ireadya ‚ú® https://t.co/dAqSzf7eUf",['vegajane'],18,2,2019-03-01 18:03:32,N/A,N
152,davidbaldacci,David Baldacci,.@davidbaldacci shares a funny story behind his mom gifting him a journal at 8 years old. Be sure to catch our full interview with the bestselling novelist on Saturday right here on Twitter at 8:30 p.m. ET. and at midnight on @CTV https://t.co/0wuLQAmxiT,[],0,3,2019-02-28 16:18:34,Pop Life CTV,Y
153,davidbaldacci,David Baldacci,"Save 50% on LONG ROAD TO MERCY and THE LAST MILE (and more than 400 other books) at the @BNBuzz #BNBookHaul, now through March 4th.

LONG ROAD TO MERCY: https://t.co/uSN884NeAi
THE LAST MILE: https://t.co/hcrw6b4r56 @GrandCentralPub https://t.co/GALVIHORd2",['BNBookHaul'],41,9,2019-02-27 21:11:35,N/A,N
154,davidbaldacci,David Baldacci,"Happy book birthday to THE STARS BELOW by @davidbaldacci!  ‚≠êÔ∏è

The epic conclusion to the #VegaJane series is finally here! Check out an excerpt of book 1 to remember where it all began  üëâüèºhttps://t.co/C4FJR8JCls https://t.co/CmpNWY8Ge8",['VegaJane'],0,1,2019-02-27 16:00:20,I read YA üìö,Y
155,davidbaldacci,David Baldacci,Today only: WISH YOU WELL is available in ebook for $2.99; download your copy of the book here ‚Äî&gt; https://t.co/TeX03p1stQ. @GrandCentralPub https://t.co/SrkKwtxNua,[],13,3,2019-02-24 20:24:40,N/A,N
156,davidbaldacci,David Baldacci,UK readers: I'm thrilled to be signing copies of my upcoming (18 April) #MemoryMan novel for @WHSmith! Pre-order yours here: https://t.co/U4fRRGLp97. @panmacmillan https://t.co/t4ke6hYsTL,['MemoryMan'],43,6,2019-02-22 15:29:05,N/A,N
157,davidbaldacci,David Baldacci,"Interested in winning a set of first editions of some of my novels (including #AbsolutePower, my first)? Here's your chance, courtesy of @GrandCentralPub. Enter here: https://t.co/b3YPWv2D0S. https://t.co/R9IllDIBki",['AbsolutePower'],77,8,2019-02-21 23:06:06,N/A,N
158,davidbaldacci,David Baldacci,"The final showdown in @davidbaldacci's #VegaJane series is almost here! Watch the electrifying trailer for Book 1 to get ready for the release of the final installment, THE STARS BELOW, out on 2/26! ‚ú®

https://t.co/6tTFVFz3dO",['VegaJane'],0,2,2019-02-21 15:44:56,I read YA üìö,Y
159,davidbaldacci,David Baldacci,"Deal of the day, thanks to my U.S. publisher: these two novels are just $2.99 each in ebook format: 
ABSOLUTE POWER ‚Äî&gt; https://t.co/NcC9s3QlLY
THE INNOCENT ‚Äî&gt; https://t.co/qQDrJvrgf5 
Stock your e-reader! @GrandCentralPub https://t.co/QyxJP2sa2t",[],43,5,2019-02-17 21:38:52,N/A,N
160,nelsondemille,Nelson DeMille,"Which THE CHARM SCHOOL cover is your favorite? Comment your answer below!
https://t.co/EKDZzH9FaR

#NelsonDeMille #CharmSchool #Covers #Book #Favorite https://t.co/1Eh4rueRJC","['NelsonDeMille', 'CharmSchool', 'Covers', 'Book', 'Favorite']",25,3,2019-03-03 23:30:08,N/A,N
161,nelsondemille,Nelson DeMille,"#tbt to BookCon in 2015. https://t.co/Q981jQK2gz

#NelsonDeMille #tbt #BookCon #RadiantAngel #GettyImages https://t.co/TFXvMxW4g7","['tbt', 'NelsonDeMille', 'tbt', 'BookCon', 'RadiantAngel', 'GettyImages']",17,3,2019-02-28 17:02:31,N/A,N
162,nelsondemille,Nelson DeMille,"Today is the last day to sign up for my Newsletter and enter to win one ‚ÄúGreatest Spy Novel Of All Time‚Äù mug. https://t.co/QHY83zcDcg

#NelsonDeMille #Contest #Mug #TheLion #StrandMag #Novel #Spy https://t.co/ik0KMR5Gxo","['NelsonDeMille', 'Contest', 'Mug', 'TheLion', 'StrandMag', 'Novel', 'Spy']",6,0,2019-02-26 17:02:01,N/A,N
163,nelsondemille,Nelson DeMille,"Only one more day left to sign up for my newsletter and enter win one ‚ÄúGreatest Spy Novel Of All Time‚Äù mug, featuring a John Corey classic, THE LION. https://t.co/QHY83zcDcg

#NelsonDeMille #Contest #Mug #TheLion #StrandMag #Novel #Spy https://t.co/Tcrvs2q2pX","['NelsonDeMille', 'Contest', 'Mug', 'TheLion', 'StrandMag', 'Novel', 'Spy']",4,0,2019-02-25 17:01:42,N/A,N
164,nelsondemille,Nelson DeMille,"Have you signed up for my Newsletter yet? You will be entered to win one ‚ÄúGreatest Spy Novel Of All Time‚Äù mug featuring THE LION. 

#NelsonDeMille #Newsletter #Win #Mug #Contest #StrangMag #Novel #Spy https://t.co/MpYf3HtSrw","['NelsonDeMille', 'Newsletter', 'Win', 'Mug', 'Contest', 'StrangMag', 'Novel', 'Spy']",18,1,2019-02-22 17:01:41,N/A,N
165,nelsondemille,Nelson DeMille,"#tbt to Nelson at his publisher's office, NYC, 1978. Turtlenecks, tweed, and long hair were in.

#NelsonDeMille #TBT #NYC #1978 #Turtleneck #Tweed #LongHairDontCare https://t.co/QKxCxCldjZ","['tbt', 'NelsonDeMille', 'TBT', 'NYC', 'Turtleneck', 'Tweed', 'LongHairDontCare']",29,0,2019-02-21 17:01:25,N/A,N
166,nelsondemille,Nelson DeMille,"Happy Presidents‚Äô Day! What kind of food do you serve? Enjoy the 3-day weekend. 

#NelsonDeMille #PresidentsDay #Washington #Lincoln #Holiday #LongWeekend https://t.co/SVun4mpOFg","['NelsonDeMille', 'PresidentsDay', 'Washington', 'Lincoln', 'Holiday', 'LongWeekend']",19,1,2019-02-18 17:01:10,N/A,N
167,nelsondemille,Nelson DeMille,"Which PLUM ISLAND cover is your favorite? Comment your favorite below. https://t.co/Yl7HcOY45A

#NelsonDeMille #PlumIsland #Covers #Poll https://t.co/GpIrHgc5wT","['NelsonDeMille', 'PlumIsland', 'Covers', 'Poll']",48,5,2019-02-16 17:00:14,N/A,N
168,nelsondemille,Nelson DeMille,"#tbt to the publishing party of UP COUNTRY held at Le Cirque in NYC on January 29, 2002. https://t.co/eL6rXqfY3n

#NelsonDeMille #tbt #OldPhotos #UpCountry #Publish https://t.co/Usad9gN0xD","['tbt', 'NelsonDeMille', 'tbt', 'OldPhotos', 'UpCountry', 'Publish']",12,0,2019-02-14 17:01:24,N/A,N
169,nelsondemille,Nelson DeMille,"Have you read THE LION? It is featured on @StrandMag ‚ÄúGreatest Spy Novel Of All Time‚Äù mug. There is still time to sign up for my newsletter to enter to win one mug. https://t.co/QHY83zcDcg

#NelsonDeMille #Contest #Mug #TheLion #StrandMag #Novel #Spy https://t.co/5r0uvYAjak","['NelsonDeMille', 'Contest', 'Mug', 'TheLion', 'StrandMag', 'Novel', 'Spy']",29,5,2019-02-11 17:01:22,N/A,N
170,Gladwell,Malcolm Gladwell,@brianmccormick Actually I was interviewing David. Epstein.  Who actually IS an expert.,[],7,0,2019-03-04 04:39:42,N/A,N
171,Gladwell,Malcolm Gladwell,Apparently Dinesh is concerned that there are some Americans he has yet to offend. https://t.co/UhXVRgUlas,[],274,13,2019-03-01 13:57:32,N/A,N
172,Gladwell,Malcolm Gladwell,"For an opponent of Socialism, D'Souza sure seems to enjoy getting publicly owned. https://t.co/43euyq1miZ",[],0,611,2019-02-27 19:48:30,Seth Cotlar,Y
173,Gladwell,Malcolm Gladwell,Oh ye of little faith! Season 4 is ON https://t.co/gIAri0YNf2,[],299,16,2019-02-26 16:15:56,N/A,N
174,Gladwell,Malcolm Gladwell,My esteemed producer weighs in about my winter salad. https://t.co/7ng5Pmwj2w,[],223,11,2019-02-26 16:06:11,N/A,N
175,Gladwell,Malcolm Gladwell,If memory serves I responded to Ingraham by asking why‚Äîif Distort was such a fearless cultural warrior‚Äîhe made his girlfriend do the dirty work of sticking up for him in public.,[],483,37,2019-02-24 23:59:35,N/A,N
176,Gladwell,Malcolm Gladwell,How do I know this? Because one of my very first published pieces of journalism‚Äîin 1985!‚Äîmade fun of D‚ÄôSouza. You know who wrote in to complain? His then girlfriend Laura Ingraham. The conspiracy of dunces runs VERY deep.,[],4165,563,2019-02-24 23:55:22,N/A,N
177,Gladwell,Malcolm Gladwell,Hilarious Dinesh D‚ÄôSouza fact. In college his nickname was Distort D‚ÄôNewsa. This was 35 years ago. People got wise to him a long time ago. https://t.co/YWg6nK1zh4,[],8317,1625,2019-02-24 23:45:53,N/A,N
178,Gladwell,Malcolm Gladwell,+1 https://t.co/1mCIqLW5eG,[],157,3,2019-02-23 01:26:40,N/A,N
179,Gladwell,Malcolm Gladwell,Malcolm X. I don‚Äôt think so. Malcolm Brogdon. Not a chance. Malcolm Jamal Warner. Totally. https://t.co/AYgvOC7v2R,[],510,30,2019-02-23 01:22:31,N/A,N
180,augusten,AugustenBurroughs,"@arden_sinclair No, she's a vintage find",[],1,1,2019-03-04 04:39:16,N/A,N
181,augusten,AugustenBurroughs,The Snowman (2012) #bigdogsunday https://t.co/AzO3rPVNwg,['bigdogsunday'],0,1,2019-03-04 04:35:34,Christopher Schelling,Y
182,augusten,AugustenBurroughs,I love her disappointment. Nothing has ever worked out for her. She thought sitting for her portrait would help but it didn't. https://t.co/o37F89QF5d,[],1847,166,2019-03-03 23:39:38,N/A,N
183,augusten,AugustenBurroughs,If all the balloons suddenly popped would all the car dealerships vanish?,[],63,4,2019-03-01 16:36:34,N/A,N
184,augusten,AugustenBurroughs,"Sad, abrasive, not actually possible and just wrong: me singing along with Faraway Look by the ASTOUNDING @iamyola https://t.co/2o5vUIc0ik",[],13,1,2019-02-27 20:08:38,N/A,N
185,augusten,AugustenBurroughs,@MariaShehata TOTALLY.,[],2,0,2019-02-27 18:43:39,N/A,N
186,augusten,AugustenBurroughs,"These are real titles of Lifetime movies. I feel like the same person comes up with all the titles. They would name their children, Boy Without Hair, Girl Who Cries

YOUR HUSBAND IS MINE
WHEN VOWS BREAK
PSYCHO EX-GIRLFRIEND
PSYCHO PROM QUEEN
PARTY MOM
BAD SISTER
INSTAKILLER",[],110,5,2019-02-27 18:39:03,N/A,N
187,augusten,AugustenBurroughs,Asshole branch that crashed through window during recent ice storm and sprayed me with broken glass is now a sceptre. Mess with me and I will turn you into something. https://t.co/JBfWIbYKR7,[],158,10,2019-02-26 16:49:28,N/A,N
188,augusten,AugustenBurroughs,@LadyBroseph Than you,[],2,0,2019-02-26 15:32:03,N/A,N
189,augusten,AugustenBurroughs,"@LadyBroseph You may well be...it has a name/branding issue. Someday they'll figure out some people are ""wired"" in this unique way",[],2,0,2019-02-26 15:31:52,N/A,N
190,SalmanRushdie,Salman Rushdie,"@Telegraph I have no memory of this antique episode but Louis if you‚Äôve carried this pain for 25 years, I apologize. Let it go, man. ‚ù§Ô∏è",[],73,8,2018-10-20 16:52:25,N/A,N
191,SalmanRushdie,Salman Rushdie,"London people... I'll be at the Royal Festival Hall  on October 23rd, in conversation with Erica Wagner, as part of the London Literature Festival. Please come, or we'll be in that big auditorium by ourselves... https://t.co/X3TQDVTSvU",[],294,52,2018-10-01 16:49:02,N/A,N
192,SalmanRushdie,Salman Rushdie,"We disagreed all our lives, about politics, about literature, and I feel as sad as if I just lost a beloved older brother. RIP Vidia. #VSNaipaul",['VSNaipaul'],6433,1671,2018-08-12 02:12:57,N/A,N
193,SalmanRushdie,Salman Rushdie,I‚Äôm absolutely delighted about this: so delighted that I‚Äôm tweeting about it after a very long tweet-silence. https://t.co/VjGbtkJ1CN,[],2585,564,2018-06-28 20:15:31,N/A,N
194,SalmanRushdie,Salman Rushdie,"Done. You're welcome, #MadamPresident! #imwithher https://t.co/IlsBpjyFsU","['MadamPresident', 'imwithher']",3041,659,2016-11-08 15:35:58,N/A,N
195,SalmanRushdie,Salman Rushdie,I may not be the youngest one but let's do this! #MillennialForADay #itsabigdeal #Vote #madampresident #imwithher https://t.co/N9ghLUhZ4A,"['MillennialForADay', 'itsabigdeal', 'Vote', 'madampresident', 'imwithher']",940,299,2016-11-07 14:14:51,N/A,N
196,SalmanRushdie,Salman Rushdie,#ImWithHer https://t.co/ZTNx007hTn,['ImWithHer'],30945,20908,2016-10-30 23:30:33,N/A,N
197,SalmanRushdie,Salman Rushdie,"From Orpheus to Faiz,song &amp; poetry have been closely linked. Dylan is the brilliant inheritor of the bardic tradition.Great choice.  #Nobel",['Nobel'],2234,1567,2016-10-13 12:35:07,N/A,N
198,SalmanRushdie,Salman Rushdie,You should have stayed. We might have hugged too.  https://t.co/VQh9tnDl04,[],633,113,2016-08-13 01:00:18,N/A,N
199,SalmanRushdie,Salman Rushdie,Thank you. I will do my best to abide.  https://t.co/PvaFVOGYoV,[],487,81,2016-08-13 00:11:52,N/A,N
200,SKenyonFans,SherrilynKenyonBooks,"ANNOUNCED: Sherrilyn Kenyon's ""Deadmen Walking"" #SherrilynKenyon #UrbanFantasy https://t.co/hLS9oqTcBv https://t.co/bY3qCbQnxT","['SherrilynKenyon', 'UrbanFantasy']",8,3,2016-10-31 00:10:21,N/A,N
201,SKenyonFans,SherrilynKenyonBooks,RT @piatkusentice: Want to #win a SIGNED copy of STYXX by superstar @kenyonsherrilyn? Enter here! http://t.co/xse9yBKjb5 @SKenyonFans,['win'],0,3,2014-01-25 10:25:15,Piatkus Books,Y
202,SKenyonFans,SherrilynKenyonBooks,Happy #publicationday to @kenyonsherrilyn and DARK BITES!! You can read an extract on our website here: http://t.co/zhxYRLrYsH @SKenyonFans,['publicationday'],0,3,2014-01-25 10:24:39,Piatkus Books,Y
203,SKenyonFans,SherrilynKenyonBooks,Help us build a following for our Sherrilyn Kenyon Facebook page by giving us a LIKE http://t.co/gDu8Rjj1KC,[],5,1,2013-12-16 20:04:44,N/A,N
204,SKenyonFans,SherrilynKenyonBooks,"""The Great Library Foundation"" has added Sherrilyn Kenyon to the specialty collections of the Fantasy Library http://t.co/K2S7PFkv19",[],1,0,2013-12-16 19:54:15,N/A,N
205,SKenyonFans,SherrilynKenyonBooks,"JUST RELEASED - Paperback edition of Sherrilyn Kenyon's ""Time Untime"" (Dark Hunter) #SherrilynKenyon #UrbanFantasy http://t.co/yhEM9bCO9u","['SherrilynKenyon', 'UrbanFantasy']",1,6,2013-03-27 12:33:36,N/A,N
206,SKenyonFans,SherrilynKenyonBooks,"JUST RELEASED - Sherrilyn Kenyon's ""The Curse"" (Belador #3) #SherrilynKenyon #Fantasy #Paranormal http://t.co/MbVuXHHP","['SherrilynKenyon', 'Fantasy', 'Paranormal']",1,4,2012-09-18 20:25:46,N/A,N
207,SKenyonFans,SherrilynKenyonBooks,"Sherrilyn Kenyon's ""Born of Silence"" (The League #6) premiers at #14 on NYT Best Seller list #SherrilynKenyon #Fantasy http://t.co/SAZXnzwl","['SherrilynKenyon', 'Fantasy']",2,2,2012-05-20 21:06:11,N/A,N
208,SKenyonFans,SherrilynKenyonBooks,"Sherrilyn Kenyon's ""Retribution"" (Dark Hunter #31) to release in paperback Mar. 27, 2012 #DarkHunter #SherrilynKenyon http://t.co/Y1XXMKH4","['DarkHunter', 'SherrilynKenyon']",1,2,2012-02-16 22:18:41,N/A,N
209,SKenyonFans,SherrilynKenyonBooks,Official Launch of http://t.co/wK74lSzR. Features the fiction of author Sherrilyn Kenyon #SherrilynKenyon #Paranormal - http://t.co/O1gyxcnv,"['SherrilynKenyon', 'Paranormal']",1,1,2011-12-09 12:47:42,N/A,N
210,nealstephenson,Neal Stephenson,"We're giving away 10 Advance Reader's Editions of FALL; OR, DODGE IN HELL by @nealstephenson #nealstephenson. The book goes on sale June 4 in the USA but you can read it early. USA ONLY (SORRY!). https://t.co/EO0voom3AQ https://t.co/OR6ThpRvzv",['nealstephenson'],0,29,2019-02-28 22:05:57,William Morrow,Y
211,nealstephenson,Neal Stephenson,"""We cannot have a society in which, if two people wish to communicate, the only way that can happen is if it's financed by a third person who wishes to manipulate them."" https://t.co/8Vz4NsmQwm",[],0,444,2019-01-18 03:51:52,TED Talks,Y
212,nealstephenson,Neal Stephenson,"@Scobleizer @waltmossberg @magicleap Food for thought: the @magicleap team and I are as inspired by Dali, Tolkien, Lucas, and Spielberg as we are by the genius of Jobs and Woz. We are not the animal you think we are #Magicverse üòéüöÄ",[],0,8,2019-01-10 02:16:25,Rony Abovitz,Y
213,nealstephenson,Neal Stephenson,@SeamusBlackley But it's the Right Thing To Do.,[],3,0,2018-12-31 07:07:21,N/A,N
214,nealstephenson,Neal Stephenson,@SeamusBlackley Is it the float aspect that is troubling you? It would trouble the crap out of me. Or being 1 based?,[],24,0,2018-12-31 03:49:40,N/A,N
215,nealstephenson,Neal Stephenson,"My new novel, FALL, OR DODGE IN HELL, goes on sale in June 2019 in the USA. Info on tour &amp; signed copies to follow. In the meantime, here‚Äôs the link to pre-order and learn more. https://t.co/GxDkujL68h https://t.co/SHtc6UqGzU",[],785,216,2018-12-03 19:57:14,N/A,N
216,nealstephenson,Neal Stephenson,L'Uomo Vitruviano (wearing a Magic Leap One) https://t.co/orpUooPb0B,[],0,52,2018-11-25 12:56:37,Rony Abovitz,Y
217,nealstephenson,Neal Stephenson,"Fake Britain: A Map Of Fictional Locations In England, Scotland And Wales https://t.co/frlLIq0kAD",[],0,58,2018-11-25 02:59:19,(((Nicole Galland))),Y
218,nealstephenson,Neal Stephenson,@elonmusk Ability to borrow a spare wheel for a few days when traveling to areas where roadside service simply isn't going to happen.,[],73,0,2018-11-09 16:04:30,N/A,N
219,nealstephenson,Neal Stephenson,Just got an ML1 and want to set up your dev environment? IMO the best zero to stuff running tutorial is the one from Magic Leap‚Äôs Goat Labs. Start here - https://t.co/8mwB09eJzC,[],0,7,2018-11-01 15:55:18,Graeme Devine,Y
220,Atul_Gawande,Atul Gawande,".@DrewAltman lays out the health care costs people don't see by doing the math for an example US family with $50K income. When their spending is combined to include money spent by their employer on their behalf, the total can be as high as $23,050. https://t.co/dUYxcNe9h5",[],203,114,2019-02-28 13:45:10,N/A,N
221,Atul_Gawande,Atul Gawande,"More than 42% of the 9.5 million people diagnosed with cancer from 2000 to 2012 drained their life's assets within two years, according to a study published last year in the American Journal of Medicine. via @annagorman KHN/@NPR https://t.co/cNinEMGYFK",[],0,2833,2019-02-28 12:14:54,Kaiser Health News,Y
222,Atul_Gawande,Atul Gawande,Powerful new @frontlinePBS documentary. My #BeingMortal film director @tmjennings + @jbsapien &amp; @ProPublica investigate NY‚Äôs effort to let those with severe mental illness live on their own. Watch ‚ÄúRight to Fail‚Äù Tue Feb 26: https://t.co/T3wXp4WBKQ  https://t.co/yG0rNqfPBJ,['BeingMortal'],153,59,2019-02-25 14:05:18,N/A,N
223,Atul_Gawande,Atul Gawande,And then there is this -- Costa Rica's first case in years due to an unvaccinated tourist. https://t.co/ouGeLQxzaj,[],266,169,2019-02-24 20:14:07,N/A,N
224,Atul_Gawande,Atul Gawande,"In the last few weeks, Philippines has had over 11,000 measles cases, and 189 deaths, due to non-vaccination. https://t.co/TOSEIh7nIh",[],491,490,2019-02-24 20:11:54,N/A,N
225,Atul_Gawande,Atul Gawande,"Why #SaferSurgery strategies are so important: New data show that 4.2M people worldwide die in or after surgery each year, &gt;50% in low &amp; middle income countries and most preventable. That's more than HIV, TB, malaria combined. @safersurgery @TheLancet https://t.co/bzkQBRIYU4",['SaferSurgery'],532,378,2019-02-17 17:08:43,N/A,N
226,Atul_Gawande,Atul Gawande,#lifebox https://t.co/LNmEkSvb6k,['lifebox'],61,6,2019-02-17 17:00:22,N/A,N
227,Atul_Gawande,Atul Gawande,South Asia https://t.co/bEOkQlC49r,[],16,14,2019-02-17 15:48:27,N/A,N
228,Atul_Gawande,Atul Gawande,Opinion: Unethical behavior of forensic dentists at our southern border ‚Äî why they should stop this punitive activity. https://t.co/Pyt1fSrKuG,[],0,18,2019-02-14 15:21:46,STAT,Y
229,Atul_Gawande,Atul Gawande,@somuchweirdness You‚Äôre all 10 of my essential benefits. #HealthPolicyValentines https://t.co/LAt5fIDuQN,['HealthPolicyValentines'],0,10,2019-02-13 14:47:23,Andy Slavitt,Y
230,nickhornby,Nick Hornby,"""This is a brilliant, uplifting debut novel that harks back to the likes  of @NickHornby's #HighFidelity, combining life, love, and music into one compelling story.""

#ladlit #uplit #amreading #BookLovers #indiebooks #IndieBooksBeSeen #KindleUnlimited https://t.co/gZE5hf4oMQ",['HighFidelity'],0,4,2019-03-03 12:05:49,Matthew Hanover,Y
231,nickhornby,Nick Hornby,"Did you watch the #Oscars last night? If you're a big film fan, take a look at some of the #WorldBookNight books that have been adapted into films and TV shows https://t.co/hvXUeDU4ri https://t.co/RfNmyZxaVB","['Oscars', 'WorldBookNight']",0,7,2019-03-03 12:05:39,World Book Night UK,Y
232,nickhornby,Nick Hornby,"""And sometimes you catch yourself thinking that you are more talented than some of these people. (You‚Äôre probably not more talented than Graham Greene, the man who wrote five hundred words before breakfast.) "" @nickhornby https://t.co/bJvDODsHAw",[],0,4,2019-02-25 23:40:53,Young Writer Award,Y
233,nickhornby,Nick Hornby,"After rehearsing your #Oscar speech in your bathroom, hear screenwriter @nickhornby on why to Write. Volunteer. Rinse. Repeat. https://t.co/wOhbY7GCA7",['Oscar'],0,1,2019-02-24 15:55:36,Catie Lazarus,Y
234,nickhornby,Nick Hornby,https://t.co/lcbfLuW9da #SOTUSundance,['SOTUSundance'],8,0,2019-02-20 15:39:19,N/A,N
235,nickhornby,Nick Hornby,"To say farewell, our brilliant CoFounder &amp; Producer @bencpayne  - who is terrified of heights üò± - is jumping out of plane to help raise money for our young writers! Help nudge him out at 10,000ft, donate here:  https://t.co/L9cpieByrY https://t.co/TGu0vz5nY6",[],0,6,2019-02-19 09:56:41,Ministry of Stories,Y
236,nickhornby,Nick Hornby,"‚ÄúThere comes a point where they either they collapse or I think, ‚ÄòOh, that hasn‚Äôt collapsed and actually I think I know what to do with it.‚Äô‚Äù - Nick Hornby on when he knows an idea has legs. #SOTUSundance #SundanceTVHQ #Sundance https://t.co/nOdOMe53bU",[],0,4,2019-02-19 09:47:29,SundanceTV,Y
237,nickhornby,Nick Hornby,https://t.co/LhENovxvEk,[],16,1,2019-02-19 09:40:56,N/A,N
238,nickhornby,Nick Hornby,"""Not Famous is almost as much a tribute to #NickHornby as it is a story in the same vein as his work."" ‚ÄîIrresponsible Reader

Can I get a RT, @nickhornby? This novel would have never happened without #HighFidelity 

https://t.co/gZE5hf4oMQ",['NickHornby'],0,6,2019-02-19 09:36:32,Matthew Hanover,Y
239,nickhornby,Nick Hornby,Love bites. Happy Valentine‚Äôs Day from #SOTUSundance. üíï @BigBoyler @nickhornby https://t.co/70bgF8GyCa,['SOTUSundance'],0,11,2019-02-14 19:25:48,State of the Union,Y
